id,昵称,视频名称,观看时间,是否PC登陆,
227,不系之舟, 快速打乱数据顺序（随机排序的方法）,2015-12-07 14:37:50,否,
283,月,Excel中的格式刷,2015-12-08 07:07:32,否,
284,月, 快速打乱数据顺序（随机排序的方法）,2015-12-08 07:10:11,否,
285,月,打印时，一页放不下，如何进行调整设置,2015-12-08 07:14:12,否,
287,月,打印时，一页放不下，如何进行调整设置,2015-12-08 07:29:46,是,
289,月,Excel斜线表头如何做,2015-12-08 07:32:47,是,
291,KK,打印时，一页放不下，如何进行调整设置,2015-12-08 07:33:43,是,
298,月,级联式下拉列表制作的方法（表格模板）,2015-12-08 07:36:32,是,
308,KK,打印时，一页放不下，如何进行调整设置,2015-12-08 07:41:04,是,
309,KK,打印时，一页放不下，如何进行调整设置,2015-12-08 07:41:30,是,
320,月, 快速打乱数据顺序（随机排序的方法）,2015-12-08 07:53:48,是,
321,月,Excel通过身份证号计算出生日期,2015-12-08 07:55:32,是,
323,月,表格安全性（就不让你改）,2015-12-08 07:58:15,是,
324,月,合同到期日的计算,2015-12-08 08:00:40,是,
325,月,如何为Excel文件设置密码,2015-12-08 08:03:08,是,
326,月,从身份证号中计算性别的公式,2015-12-08 08:06:46,是,
328,月,排序时出现”是否要扩展区域“的提醒,2015-12-08 08:09:05,是,
330,月,单元格中制作下拉选项（表格模板）,2015-12-08 08:12:22,是,
339,月,计算年龄、工龄的正确方式,2015-12-08 08:17:26,是,
340,月,透视表字段改时，提示已有相同透视表字段名存在,2015-12-08 08:21:32,是,
341,月,如何创建一个透视表,2015-12-08 08:23:26,是,
342,月,自定义排序（按职位高低进行排序）,2015-12-08 08:28:19,是,
343,月,表头中有合并单元格，排序时报错如何处理,2015-12-08 08:31:20,是,
344,月,如何筛选出带有问号或星号的数据.mp4,2015-12-08 08:33:33,是,
345,月,限定某个区域禁止输入重复值,2015-12-08 08:39:48,是,
346,月,对筛选后的数据进行计算,2015-12-08 08:43:40,是,
347,月,快速删除空行空列的方法,2015-12-08 08:46:57,是,
354,郁金香,数据类型：文本数值转数值（两种方法）,2015-12-08 12:47:30,否,
355,郁金香,数据类型：文本数值转数值（两种方法）,2015-12-08 12:47:52,否,
357,吖頭,Excel中输入身份证号后显示不全，如何解决.mp4,2015-12-08 12:59:52,否,
358,吖頭,透视表中如何对日期进行分组,2015-12-08 13:02:02,否,
359,吖頭,透视表中如何对日期进行分组,2015-12-08 13:02:06,否,
360,吖頭,表格安全性（就不给你看）,2015-12-08 13:02:23,否,
361,吖頭,表格安全性（你一定找不到）,2015-12-08 13:06:23,否,
362,吖頭,透视表中如何对日期进行分组,2015-12-08 13:08:06,否,
363,吖頭,透视表中如何对日期进行分组,2015-12-08 13:08:11,否,
364,吖頭,透视表中如何对日期进行分组,2015-12-08 13:08:33,否,
365,吖頭,透视表中如何对日期进行分组,2015-12-08 13:09:59,否,
366,吖頭,表格安全性（就不让你改）,2015-12-08 13:11:45,否,
367,吖頭,表格安全性（你一定找不到）,2015-12-08 13:15:06,否,
368,朱晶,透视表中如何对日期进行分组,2015-12-08 13:21:14,否,
369,吖頭,透视表中如何对日期进行分组,2015-12-08 13:21:16,否,
370,吖頭,透视表中如何对日期进行分组,2015-12-08 13:21:33,否,
371,西木林夕,公式为什么不算了,2015-12-08 13:25:32,是,
372,西木林夕,大数据下如何流畅的编写公式,2015-12-08 13:26:01,是,
373,西木林夕,如何调试公式,2015-12-08 13:26:23,是,
374,西木林夕,如何检查报价有遗漏,2015-12-08 13:26:32,是,
375,西木林夕,Excel斜线表头如何做,2015-12-08 13:26:48,是,
376,西木林夕,Excel斜线表头如何做,2015-12-08 13:26:53,是,
377,西木林夕,Excel斜线表头如何做,2015-12-08 13:26:55,是,
378,杨洋,级联式下拉列表制作的方法（表格模板）,2015-12-08 13:38:32,否,
381,吖頭,透视表中如何对日期进行分组,2015-12-08 13:49:41,否,
382,吖頭,Excel中的格式刷,2015-12-08 13:49:58,否,
383,吖頭,打印时，一页放不下，如何进行调整设置,2015-12-08 13:52:09,否,
384,吖頭,Excel中如何去除重复数据,2015-12-08 13:55:17,否,
400,回归线李老师,从身份证号中计算性别的公式,2015-12-09 08:14:53,否,
401,回归线李老师,从身份证号中计算性别的公式,2015-12-09 08:15:17,否,
403,回归线李老师,排序时出现”是否要扩展区域“的提醒,2015-12-09 08:17:01,否,
433,颖宝贝,快速删除空行空列的方法,2015-12-09 11:22:30,否,
435,嘉祺,如何筛选出带有问号或星号的数据.mp4,2015-12-09 14:15:49,是,
436,嘉祺,对筛选后的数据进行计算,2015-12-09 14:18:32,是,
437,嘉祺,数据拆分（分列—固定宽度）,2015-12-09 14:26:06,是,
438,嘉祺,表格安全性（就不给你看）,2015-12-09 14:34:11,是,
439,嘉祺,表格安全性（就不让你改）,2015-12-09 14:36:37,是,
440,嘉祺,表格安全性（你一定找不到）,2015-12-09 14:38:56,是,
441,嘉祺,公式为什么不算了,2015-12-09 14:49:37,是,
442,嘉祺,大数据下如何流畅的编写公式,2015-12-09 14:52:11,是,
443,嘉祺,如何调试公式,2015-12-09 14:56:14,是,
444,嘉祺,如何检查报价有遗漏,2015-12-09 14:59:27,是,
445,嘉祺,取消合并单元格后，如何将数据快速补全,2015-12-09 15:02:48,是,
446,嘉祺,排序时出现”是否要扩展区域“的提醒,2015-12-09 15:09:55,是,
447,嘉祺,如何将Excel中我最常用的一些功能放到一个选项卡下.mp4,2015-12-09 15:13:07,是,
448,吖頭,级联式下拉列表制作的方法（表格模板）,2015-12-09 15:48:32,否,
449,吖頭,级联式下拉列表制作的方法（表格模板）,2015-12-09 15:56:26,否,
450,吖頭,合同到期日的计算,2015-12-09 15:57:30,否,
451,嘉祺,单元格中制作下拉选项（表格模板）,2015-12-09 15:59:16,是,
452,嘉祺,如何更改Excel默认的字体、字号,2015-12-09 16:02:19,是,
453,嘉祺,查错：快速找出数据中错误的日期,2015-12-09 16:04:00,是,
454,嘉祺,比较两列数据，不同的自动标注,2015-12-09 16:07:57,是,
455,嘉祺,透视表字段改时，提示已有相同透视表字段名存在,2015-12-09 16:13:52,是,
456,嘉祺,数据类型：文本数值转数值（两种方法）,2015-12-09 16:15:22,是,
457,嘉祺,级联式下拉列表制作的方法（表格模板）,2015-12-09 16:20:28,是,
467,Christ_cxb,Excel中如何去除重复数据,2015-12-10 06:25:09,否,
468,淳淳, 快速打乱数据顺序（随机排序的方法）,2015-12-10 06:31:32,否,
469,小洋儿,从身份证号中计算性别的公式,2015-12-10 06:32:20,否,
470,屈屈,如何创建一个透视表,2015-12-10 06:35:10,否,
471,,快速删除空行空列的方法,2015-12-10 06:47:44,否,
472,淳淳,表头中有合并单元格，排序时报错如何处理,2015-12-10 06:49:54,否,
473,高欣欣。,数据拆分（分列—分隔符号）,2015-12-10 06:56:50,否,
474,清清,透视表中如何对日期进行分组,2015-12-10 06:57:59,否,
475,杨海山,计算年龄、工龄的正确方式,2015-12-10 06:58:30,否,
476,高欣欣。,Excel中输入身份证号后显示不全，如何解决.mp4,2015-12-10 07:00:36,否,
477,杨海山,Excel通过身份证号计算出生日期,2015-12-10 07:02:49,否,
478,dfz13146789,用颜色自动标注周六日日期,2015-12-10 07:05:01,否,
480,dfz13146789,限定某个区域禁止输入重复值,2015-12-10 07:08:20,否,
481,朱俊杰,如何调试公式,2015-12-10 07:08:27,否,
482,惠迎,自定义排序（按职位高低进行排序）,2015-12-10 07:08:55,否,
483,彦东,如何筛选出带有问号或星号的数据.mp4,2015-12-10 07:12:10,否,
484,惠迎,如何筛选出带有问号或星号的数据.mp4,2015-12-10 07:12:15,否,
485,dfz13146789,数据拆分（分列—固定宽度）,2015-12-10 07:12:27,否,
486,司国祥,表格安全性（就不让你改）,2015-12-10 07:13:11,否,
487,彦东,对筛选后的数据进行计算,2015-12-10 07:14:45,否,
488,dfz13146789,表格安全性（就不给你看）,2015-12-10 07:15:23,否,
489,彦东,表格安全性（就不给你看）,2015-12-10 07:15:31,否,
490,惠迎,取消合并单元格后，如何将数据快速补全,2015-12-10 07:16:57,否,
491,dfz13146789,表格安全性（就不让你改）,2015-12-10 07:17:56,否,
492,彦东,表格安全性（你一定找不到）,2015-12-10 07:18:07,否,
493,淳淳,如何检查报价有遗漏,2015-12-10 07:18:31,否,
494,dfz13146789,表格安全性（你一定找不到）,2015-12-10 07:20:18,否,
495,惠迎,Excel中的格式刷,2015-12-10 07:20:22,否,
496,惠迎,Excel斜线表头如何做,2015-12-10 07:22:34,否,
497,高慧妍,大数据下如何流畅的编写公式,2015-12-10 07:24:11,是,
498,淳淳,如何将Excel中我最常用的一些功能放到一个选项卡下.mp4,2015-12-10 07:25:01,否,
499,高慧妍,如何将Excel中我最常用的一些功能放到一个选项卡下.mp4,2015-12-10 07:25:50,是,
500,惠迎,Excel中如何去除重复数据,2015-12-10 07:26:22,否,
501,高慧妍,合同到期日的计算,2015-12-10 07:27:54,是,
502,高慧妍,查错：快速找出数据中错误的日期,2015-12-10 07:30:22,是,
503,高慧妍,比较两列数据，不同的自动标注,2015-12-10 07:32:30,是,
504,淳淳,公式为什么不算了,2015-12-10 07:36:49,否,
505,高慧妍,从身份证号中计算性别的公式,2015-12-10 07:38:20,是,
506,午建中,如何将Excel中我最常用的一些功能放到一个选项卡下.mp4,2015-12-10 07:39:40,是,
507,高慧妍,如何创建一个透视表,2015-12-10 07:41:40,是,
508,午建中,如何将Excel中我最常用的一些功能放到一个选项卡下.mp4,2015-12-10 07:41:44,否,
509,淳淳,排序时出现”是否要扩展区域“的提醒,2015-12-10 07:42:23,否,
510,午建中,如何将Excel中我最常用的一些功能放到一个选项卡下.mp4,2015-12-10 07:43:29,是,
511,午建中,如何将Excel中我最常用的一些功能放到一个选项卡下.mp4,2015-12-10 07:43:36,是,
512,午建中,如何将Excel中我最常用的一些功能放到一个选项卡下.mp4,2015-12-10 07:43:41,是,
513,高慧妍,透视表中如何对日期进行分组,2015-12-10 07:44:24,是,
514,高慧妍,快速删除空行空列的方法,2015-12-10 07:45:24,是,
515,午建中,透视表字段改时，提示已有相同透视表字段名存在,2015-12-10 07:45:44,是,
516,午建中,大数据下如何流畅的编写公式,2015-12-10 07:45:57,是,
517,高慧妍,表格安全性（就不给你看）,2015-12-10 07:46:02,是,
518,午建中,透视表字段改时，提示已有相同透视表字段名存在,2015-12-10 07:46:09,是,
519,午建中,透视表字段改时，提示已有相同透视表字段名存在,2015-12-10 07:46:11,是,
520,午建中,透视表字段改时，提示已有相同透视表字段名存在,2015-12-10 07:46:18,是,
521,高慧妍,表格安全性（就不给你看）,2015-12-10 07:46:38,是,
522,~~bigbang,如何为Excel文件设置密码,2015-12-10 07:47:01,否,
523,午建中,大数据下如何流畅的编写公式,2015-12-10 07:49:17,是,
524,午建中,大数据下如何流畅的编写公式,2015-12-10 07:49:24,是,
525,惠迎,数据类型：文本数值转数值（两种方法）,2015-12-10 07:49:36,否,
526,午建中,大数据下如何流畅的编写公式,2015-12-10 07:49:38,是,
528,午建中,大数据下如何流畅的编写公式,2015-12-10 07:50:43,是,
529,午建中,大数据下如何流畅的编写公式,2015-12-10 07:50:48,是,
530,午建中,大数据下如何流畅的编写公式,2015-12-10 07:50:50,是,
531,午建中,大数据下如何流畅的编写公式,2015-12-10 07:50:52,是,
532,午建中,级联式下拉列表制作的方法（表格模板）,2015-12-10 07:51:03,是,
533,午建中,级联式下拉列表制作的方法（表格模板）,2015-12-10 07:51:07,是,
534,午建中,级联式下拉列表制作的方法（表格模板）,2015-12-10 07:51:09,是,
536,午建中,级联式下拉列表制作的方法（表格模板）,2015-12-10 07:52:16,是,
537,淳淳,打印时，一页放不下，如何进行调整设置,2015-12-10 07:53:18,否,
538,惠迎,Excel通过身份证号计算出生日期,2015-12-10 07:54:17,否,
540,天河的土, 快速打乱数据顺序（随机排序的方法）,2015-12-10 08:04:44,否,
541,天河的土,限定某个区域禁止输入重复值,2015-12-10 08:07:09,否,
542,天河的土,限定某个区域禁止输入重复值,2015-12-10 08:07:10,否,
543,近水楼台,如何调试公式,2015-12-10 08:09:44,否,
544,淳淳,如何更改Excel默认的字体、字号,2015-12-10 08:11:31,否,
545,近水楼台,单元格中制作下拉选项（表格模板）,2015-12-10 08:12:18,否,
548,天河的土,限定某个区域禁止输入重复值,2015-12-10 08:15:14,否,
549,天河的土,限定某个区域禁止输入重复值,2015-12-10 08:15:14,否,
550,天河的土,限定某个区域禁止输入重复值,2015-12-10 08:15:31,否,
551,近水楼台,数据拆分（分列—分隔符号）,2015-12-10 08:15:40,否,
552,淳淳,用颜色自动标注周六日日期,2015-12-10 08:18:04,否,
553,近水楼台,计算年龄、工龄的正确方式,2015-12-10 08:18:46,否,
554,近水楼台,Excel中输入身份证号后显示不全，如何解决.mp4,2015-12-10 08:22:39,否,
555,近水楼台,Excel中输入身份证号后显示不全，如何解决.mp4,2015-12-10 08:24:54,否,
559,午建中,透视表字段改时，提示已有相同透视表字段名存在,2015-12-10 10:07:29,是,
561,布老虎,限定某个区域禁止输入重复值,2015-12-10 10:24:41,是,
562,布老虎,用颜色自动标注周六日日期,2015-12-10 10:30:46,是,
563,布老虎,大数据下如何流畅的编写公式,2015-12-10 10:36:51,是,
564,布老虎,Excel斜线表头如何做,2015-12-10 10:42:21,是,
565,布老虎,单元格中制作下拉选项（表格模板）,2015-12-10 10:46:23,是,
566,布老虎,如何创建一个透视表,2015-12-10 10:51:29,是,
567,布老虎,表格安全性（就不让你改）,2015-12-10 10:58:47,是,
568,小傅,查找替换时精确匹配问题,2015-12-10 10:59:29,否,
569,布老虎,透视表字段改时，提示已有相同透视表字段名存在,2015-12-10 11:01:29,是,
570,小傅,自定义排序（按职位高低进行排序）,2015-12-10 11:03:26,否,
571,布老虎,Excel中的格式刷,2015-12-10 11:05:39,是,
572,小傅,如何创建一个透视表,2015-12-10 11:07:56,否,
573,张小建 ,如何筛选出带有问号或星号的数据.mp4,2015-12-10 11:09:35,否,
577,vivi,对筛选后的数据进行计算,2015-12-10 12:13:33,否,
578,vivi,对筛选后的数据进行计算,2015-12-10 12:13:57,否,
579,vivi,表格安全性（你一定找不到）,2015-12-10 12:14:10,否,
580,王近东,取消合并单元格后，如何将数据快速补全,2015-12-10 12:25:20,否,
581,杨海山,Excel中如何去除重复数据,2015-12-10 12:45:53,否,
582,钟波,公式为什么不算了,2015-12-10 12:47:30,否,
583,钟波,查错：快速找出数据中错误的日期,2015-12-10 12:49:28,否,
584,杨海山,比较两列数据，不同的自动标注,2015-12-10 12:49:46,否,
585,钟波,打印时，一页放不下，如何进行调整设置,2015-12-10 12:50:07,否,
586,淳淳,用颜色自动标注周六日日期,2015-12-10 12:50:53,否,
587,杨海山,表格安全性（就不给你看）,2015-12-10 12:53:12,否,
588,颖宝贝,从身份证号中计算性别的公式,2015-12-10 12:53:52,否,
589,杨海山,表格安全性（就不让你改）,2015-12-10 13:04:17,否,
590,杨海山,透视表中如何对日期进行分组,2015-12-10 13:06:56,否,
591,杨海山,大数据下如何流畅的编写公式,2015-12-10 13:10:33,否,
592,淳淳,透视表字段改时，提示已有相同透视表字段名存在,2015-12-10 13:20:44,否,
593,淳淳,如何将Excel中我最常用的一些功能放到一个选项卡下.mp4,2015-12-10 13:21:34,否,
594,淳淳,快速删除空行空列的方法,2015-12-10 13:22:41,否,
595,小洋儿,排序时出现”是否要扩展区域“的提醒,2015-12-10 13:35:50,否,
596,淳淳,如何调试公式,2015-12-10 13:36:49,否,
597,王正华,如何检查报价有遗漏,2015-12-10 13:37:47,否,
598,淳淳,级联式下拉列表制作的方法（表格模板）,2015-12-10 13:38:19,否,
599,小洋儿,如何为Excel文件设置密码,2015-12-10 13:40:44,否,
600,王正华,表头中有合并单元格，排序时报错如何处理,2015-12-10 13:40:47,否,
601,小洋儿,数据类型：文本数值转数值（两种方法）,2015-12-10 13:42:34,否,
602,王正华,数据类型：文本数值转数值（两种方法）,2015-12-10 13:42:51,否,
603,王正华,如何更改Excel默认的字体、字号,2015-12-10 13:43:30,否,
604,王正华,表格安全性（就不给你看）,2015-12-10 13:44:28,否,
605,淳淳,Excel斜线表头如何做,2015-12-10 13:46:28,否,
606,小洋儿,表头中有合并单元格，排序时报错如何处理,2015-12-10 13:47:08,否,
607,王正华,表格安全性（就不给你看）,2015-12-10 13:47:11,否,
608,王正华,表格安全性（就不给你看）,2015-12-10 13:47:25,否,
609,王正华,表格安全性（就不给你看）,2015-12-10 13:47:35,否,
610,王正华,Excel通过身份证号计算出生日期,2015-12-10 13:49:43,否,
611,王正华,Excel通过身份证号计算出生日期,2015-12-10 13:49:50,否,
612,小洋儿,表头中有合并单元格，排序时报错如何处理,2015-12-10 13:49:57,否,
613,小洋儿,表头中有合并单元格，排序时报错如何处理,2015-12-10 13:51:28,否,
614,小洋儿,Excel通过身份证号计算出生日期,2015-12-10 13:52:03,否,
615,小洋儿,透视表中如何对日期进行分组,2015-12-10 13:55:38,否,
616,小洋儿,表头中有合并单元格，排序时报错如何处理,2015-12-10 13:59:06,否,
617,小洋儿, 快速打乱数据顺序（随机排序的方法）,2015-12-10 14:00:52,否,
618,小洋儿,从身份证号中计算性别的公式,2015-12-10 14:02:36,否,
619,雪咖,Excel中的格式刷,2015-12-10 14:05:06,否,
620,小洋儿,单元格中制作下拉选项（表格模板）,2015-12-10 14:05:36,否,
621,小洋儿,合同到期日的计算,2015-12-10 14:09:53,否,
622,小洋儿,合同到期日的计算,2015-12-10 14:12:27,否,
623,小洋儿,大数据下如何流畅的编写公式,2015-12-10 14:13:06,否,
624,小洋儿,大数据下如何流畅的编写公式,2015-12-10 14:17:32,否,
625,小洋儿,Excel中的格式刷,2015-12-10 14:18:09,否,
626,小洋儿,Excel斜线表头如何做,2015-12-10 14:19:47,否,
627,小洋儿,Excel中如何去除重复数据,2015-12-10 14:24:19,否,
628,赏雪的鱼,取消合并单元格后，如何将数据快速补全,2015-12-10 14:37:24,否,
629,静默,数据拆分（分列—分隔符号）,2015-12-10 15:06:25,否,
630,静默,Excel中输入身份证号后显示不全，如何解决.mp4,2015-12-10 15:09:59,否,
631,静默,计算年龄、工龄的正确方式,2015-12-10 15:12:20,否,
632,静默,对筛选后的数据进行计算,2015-12-10 15:19:08,否,
633,在路上,如何创建一个透视表,2015-12-10 15:37:28,否,
634,在路上,数据拆分（分列—固定宽度）,2015-12-10 16:08:22,否,
635,在路上,查找替换时精确匹配问题,2015-12-10 16:11:50,否,
636,在路上,限定某个区域禁止输入重复值,2015-12-10 16:14:12,否,
